"","p_val","avg_log2FC","pct.1","pct.2","p_val_adj","cluster","gene","pct_diff"
"1",3.00169109543061e-11,6.06210211301499,0.071,0.002,3.28805242593469e-07,"mes.prog.1","Kcnj16",0.069
"2",0.000935150667268894,6.04767778036352,0.027,0.002,1,"mes.prog.1","Muc5ac",0.025
"3",1.88999517322724e-09,5.73436651328717,0.054,0.001,2.07030071275312e-05,"mes.prog.1","Inpp5j",0.053
"4",1.70632383751719e-14,5.12610424333096,0.116,0.007,1.86910713161633e-10,"mes.prog.1","Tfcp2l1",0.109
"5",1.47526128188629e-11,4.98834308870207,0.08,0.004,1.61600120817824e-07,"mes.prog.1","Mlph",0.076
"6",3.6023824787526e-05,4.96431731809979,0.036,0.002,0.39460497672256,"mes.prog.1","Abcc3",0.034
"7",3.22332613889916e-11,4.84480149170483,0.071,0.002,3.53083145255014e-07,"mes.prog.1","Parm1",0.069
"8",1.67020305343911e-09,4.77337145447795,0.089,0.009,1.82954042473721e-05,"mes.prog.1","Krt18",0.08
"9",4.95837001647634e-10,4.75360083101205,0.071,0.004,5.43139851604819e-06,"mes.prog.1","Atp1a2",0.067
"10",2.46453545666022e-21,4.697176097405,0.17,0.01,2.6996521392256e-17,"mes.prog.1","Col14a1",0.16
"11",3.84621724172989e-08,4.6676010881843,0.054,0.002,0.000421314636659092,"mes.prog.1","Fmo6",0.052
"12",3.89768051791258e-08,4.63616822052415,0.054,0.002,0.000426951923932144,"mes.prog.1","Dsg2",0.052
"13",1.40077998392417e-08,4.56974222255012,0.062,0.004,0.000153441439439054,"mes.prog.1","Igfbp2",0.058
"14",1.30221011603755e-06,4.48510578161781,0.045,0.002,0.0142644096110753,"mes.prog.1","Cyp4a12b",0.043
"15",1.6554619124288e-10,4.44960012232695,0.08,0.005,1.81339297887451e-06,"mes.prog.1","Kank4",0.075
"16",1.26976848552132e-06,4.44089763316293,0.045,0.002,0.0139090439904005,"mes.prog.1","Celsr2",0.043
"17",9.8553344371994e-13,4.41605244331643,0.116,0.01,1.07955333425082e-08,"mes.prog.1","Atp13a5",0.106
"18",0.000872591566609681,4.40431186267815,0.036,0.005,1,"mes.prog.1","Dgkg",0.031
"19",1.16424466443177e-07,4.37807654143635,0.062,0.005,0.00127531360541857,"mes.prog.1","Atp2a3",0.057
"20",3.68813144174977e-05,4.35975437964803,0.036,0.002,0.403997918129269,"mes.prog.1","Fer1l6",0.034
"21",9.96577830703661e-06,4.28756855460378,0.045,0.004,0.109165135575279,"mes.prog.1","Gm29683",0.041
"22",1.21643028044183e-07,4.2780585290936,0.062,0.005,0.00133247772919598,"mes.prog.1","Gria1",0.057
"23",0.000233820474688459,4.2605677909023,0.036,0.004,1,"mes.prog.1","Pax7",0.032
"24",2.12608813756781e-10,4.24208075586586,0.143,0.023,2.32891694589178e-06,"mes.prog.1","Aox2",0.12
"25",1.5676966914924e-11,4.24004681608943,0.098,0.007,1.71725495586077e-07,"mes.prog.1","Itgbl1",0.091
"26",1.23688892786004e-09,4.1580208027033,0.062,0.002,1.35488813157788e-05,"mes.prog.1","Slco1a5",0.06
"27",7.09546608021875e-14,4.15415909210714,0.152,0.017,7.77237354427162e-10,"mes.prog.1","Muc5b",0.135
"28",1.19978534045847e-05,4.14592141898183,0.054,0.006,0.131424486193821,"mes.prog.1","Chst9",0.048
"29",2.07980823194423e-09,4.13449390838633,0.089,0.009,2.27822193727171e-05,"mes.prog.1","Tex15",0.08
"30",3.3077311399227e-08,4.12135831025823,0.071,0.006,0.000362328869067133,"mes.prog.1","Tmem132c",0.065
"31",2.68751456794615e-06,4.11864988314322,0.062,0.007,0.0294390345772821,"mes.prog.1","Pfkp",0.055
"32",1.30221011603755e-06,4.06359320264676,0.045,0.002,0.0142644096110753,"mes.prog.1","Pglyrp1",0.043
"33",1.21643028044183e-07,4.03406728077682,0.062,0.005,0.00133247772919598,"mes.prog.1","Ephx1",0.057
"34",0.000872591566609681,4.03041546756893,0.036,0.005,1,"mes.prog.1","Tax1bp3",0.031
"35",0.000227023859343271,4.02625323864638,0.036,0.004,1,"mes.prog.1","Kcnq4",0.032
"36",1.03191615628165e-05,3.99909492033892,0.062,0.009,0.113036095759092,"mes.prog.1","Ltf",0.053
"37",0.000224799837162086,3.99314046878698,0.036,0.004,1,"mes.prog.1","Cpne5",0.032
"38",1.20317653094055e-07,3.94574841005666,0.062,0.005,0.00131795957199228,"mes.prog.1","Dock2",0.057
"39",5.90301514474623e-14,3.89735080379389,0.152,0.017,6.46616278955502e-10,"mes.prog.1","Klhl29",0.135
"40",6.31956430050362e-07,3.88330986756224,0.062,0.006,0.00692245073477166,"mes.prog.1","Atp1b1",0.056
"41",4.24019586298849e-07,3.87332906496422,0.054,0.004,0.0046447105483176,"mes.prog.1","Arhgap40",0.05
"42",1.0407233238785e-05,3.82343430996159,0.045,0.004,0.114000832897651,"mes.prog.1","Rasl12",0.041
"43",1.68169881469235e-18,3.81870842567932,0.179,0.016,1.842132881614e-14,"mes.prog.1","Frem1",0.163
"44",5.28807084518809e-05,3.78996411677663,0.045,0.005,0.579255280381903,"mes.prog.1","Map6",0.04
"45",0.000130009269455541,3.77168920595879,0.054,0.009,1,"mes.prog.1","Mrvi1",0.045
"46",8.96614811976518e-09,3.76256082404259,0.08,0.007,9.82151865039078e-05,"mes.prog.1","Synpo2",0.073
"47",0.000894890090265102,3.73373596573132,0.036,0.005,1,"mes.prog.1","9530052E02Rik",0.031
"48",0.00142749187731712,3.72191504047277,0.045,0.009,1,"mes.prog.1","Myh11",0.036
"49",1.23329305428651e-05,3.71367727896211,0.054,0.006,0.135094921166544,"mes.prog.1","Gata2",0.048
"50",1.54903791414838e-09,3.69564827515011,0.107,0.013,1.69681613115814e-05,"mes.prog.1","Anks1b",0.094
"51",1.62058600719937e-08,4.05628380850463,0.057,0.002,0.000177518991228619,"mes.prog.2","Spon2",0.055
"52",9.94806375539692e-56,4.03497705695887,0.701,0.101,1.08971090376618e-51,"mes.prog.2","Ptn",0.6
"53",8.10918659906897e-28,4.00672335782226,0.276,0.021,8.88280300062015e-24,"mes.prog.2","Tnn",0.255
"54",5.26498047119704e-51,3.94345133866969,0.793,0.167,5.76725960814924e-47,"mes.prog.2","Pdzrn4",0.626
"55",1.3302451878901e-31,3.91188233630304,0.345,0.032,1.45715057881482e-27,"mes.prog.2","Aspn",0.313
"56",1.74002312109516e-06,3.8980213216611,0.057,0.005,0.0190602132684764,"mes.prog.2","Apol6",0.052
"57",2.5225251803197e-21,3.84458346147397,0.241,0.024,2.7631740825222e-17,"mes.prog.2","Myo16",0.217
"58",0.000600922487783928,3.73529842621312,0.034,0.004,1,"mes.prog.2","Gm49959",0.03
"59",3.62066128791685e-05,3.54732851377029,0.057,0.007,0.396607237478412,"mes.prog.2","Lfng",0.05
"60",0.00146653802142634,3.53197768783804,0.08,0.023,1,"mes.prog.2","Nrg1",0.057
"61",2.47925420284866e-38,3.52608186905551,0.54,0.081,2.71577505380043e-34,"mes.prog.2","Postn",0.459
"62",7.83067179357484e-08,3.52056092823721,0.103,0.014,0.000857771788268188,"mes.prog.2","Plxnc1",0.089
"63",7.28697800073577e-05,3.52029096137399,0.046,0.005,0.798215570200597,"mes.prog.2","Ssc5d",0.041
"64",0.00216674582443786,3.49738997577051,0.034,0.005,1,"mes.prog.2","Dhcr24",0.029
"65",1.63273855900109e-12,3.46538739159979,0.149,0.017,1.78850181752979e-08,"mes.prog.2","Smoc2",0.132
"66",1.78334051357691e-06,3.45779076430598,0.057,0.005,0.0195347119857215,"mes.prog.2","3010001F23Rik",0.052
"67",1.67833835806939e-14,3.32656759988997,0.161,0.015,1.83845183742921e-10,"mes.prog.2","Angptl2",0.146
"68",0.000105585780278658,3.22211198749551,0.057,0.008,1,"mes.prog.2","Magoh",0.049
"69",0.000781298814523187,3.18526354846016,0.046,0.007,1,"mes.prog.2","Zfp185",0.039
"70",9.74136950566922e-18,3.18381986019037,0.276,0.042,1.06706961565101e-13,"mes.prog.2","Grm7",0.234
"71",0.000278707710574748,3.1564710870676,0.046,0.006,1,"mes.prog.2","Rbm19",0.04
"72",0.00372530081320721,3.1442821105764,0.046,0.009,1,"mes.prog.2","Trim16",0.037
"73",6.37786053031369e-23,3.12609113944378,0.356,0.056,6.98630842490561e-19,"mes.prog.2","Epha3",0.3
"74",0.0018735040980196,3.09084937889425,0.046,0.008,1,"mes.prog.2","Zc3hav1l",0.038
"75",1.91884117214362e-37,3.07727901052261,0.644,0.126,2.10189861996612e-33,"mes.prog.2","Dlg2",0.518
"76",2.30460109763958e-35,3.05104610750478,0.713,0.189,2.52446004235439e-31,"mes.prog.2","Col12a1",0.524
"77",0.00076813220172668,3.03818281851902,0.046,0.007,1,"mes.prog.2","Tbx15",0.039
"78",0.00592445145759455,3.01553318372362,0.034,0.006,1,"mes.prog.2","Atp23",0.028
"79",0.000621329525957009,3.00335310847719,0.034,0.004,1,"mes.prog.2","Rassf5",0.03
"80",0.000801442005000918,2.99664527580527,0.046,0.007,1,"mes.prog.2","Map11",0.039
"81",8.86427213771429e-22,2.98435536395922,0.391,0.071,9.70992369965223e-18,"mes.prog.2","Creb5",0.32
"82",0.00700708876909444,2.96947691150772,0.046,0.011,1,"mes.prog.2","Pcgf6",0.035
"83",5.32291015631448e-07,2.96752498979397,0.126,0.025,0.00583071578522688,"mes.prog.2","Mgat4c",0.101
"84",0.000836088129694661,2.94984176866094,0.046,0.007,1,"mes.prog.2","Tmem8b",0.039
"85",1.84965132196e-14,2.93736796104877,0.184,0.021,2.02610805807499e-10,"mes.prog.2","Fndc1",0.163
"86",4.29908408665992e-06,2.92082303840012,0.092,0.015,0.0470921670852727,"mes.prog.2","Dmc1",0.077
"87",2.83313810144952e-07,2.90427496952533,0.126,0.024,0.00310341947632781,"mes.prog.2","Hectd2",0.102
"88",0.00227042889041401,2.89644684932563,0.034,0.005,1,"mes.prog.2","Lrp8",0.029
"89",0.000408506888302462,2.8573921575334,0.069,0.014,1,"mes.prog.2","Pamr1",0.055
"90",1.01012912487261e-11,2.77830005227974,0.184,0.028,1.10649544338546e-07,"mes.prog.2","P4ha3",0.156
"91",0.00388113801282695,2.77573689121654,0.046,0.009,1,"mes.prog.2","Rmdn2",0.037
"92",0.000621329525957009,2.76701175723572,0.034,0.004,1,"mes.prog.2","Vps37d",0.03
"93",0.000679706175609853,2.7530973502077,0.069,0.015,1,"mes.prog.2","Tom1l1",0.054
"94",1.64881095100298e-13,2.75184736268216,0.241,0.044,1.80610751572867e-09,"mes.prog.2","Mest",0.197
"95",7.85143331411752e-13,2.74199343221413,0.23,0.042,8.60046005228434e-09,"mes.prog.2","Thbs2",0.188
"96",0.00229170323449249,2.73735573652392,0.034,0.005,1,"mes.prog.2","E130114P18Rik",0.029
"97",0.00200536611168814,2.73447204474039,0.046,0.008,1,"mes.prog.2","S100a6",0.038
"98",6.44431487516535e-06,2.73242088286428,0.103,0.02,0.0705910251425613,"mes.prog.2","Rnf165",0.083
"99",1.07098157477349e-12,2.70736743875526,0.264,0.057,1.17315321700688e-08,"mes.prog.2","Kcnip1",0.207
"100",2.12500385342508e-05,2.70232695207803,0.103,0.023,0.232772922104183,"mes.prog.2","Lrrc17",0.08
"101",2.73328948031643e-21,5.15975726150099,0.138,0.004,2.99404529673862e-17,"osteog.1","Gdpd2",0.134
"102",8.88078607036164e-06,5.1121260836262,0.033,0.001,0.0972801306147414,"osteog.1","Lmx1b",0.032
"103",7.00275129067331e-17,4.36974838609674,0.138,0.011,7.67081376380355e-13,"osteog.1","Lepr",0.127
"104",6.94808447992829e-06,4.30710640081817,0.044,0.004,0.0761093173931344,"osteog.1","Sctr",0.04
"105",0.00107541116331544,3.90382227423041,0.033,0.005,1,"osteog.1","Sdc1",0.028
"106",7.16986705349533e-07,3.87460817339837,0.055,0.005,0.00785387237039878,"osteog.1","Wdr86",0.05
"107",1.05076070098059e-20,3.86201788359447,0.215,0.028,1.15100327185413e-16,"osteog.1","Slc26a7",0.187
"108",2.51936097830376e-21,3.85277228167238,0.193,0.019,2.75970801563394e-17,"osteog.1","Cxcl12",0.174
"109",1.05036531066001e-06,3.77382660267919,0.05,0.004,0.0115057016129697,"osteog.1","Gm16685",0.046
"110",7.5005532287958e-07,3.74657599674784,0.055,0.005,0.00821610600682292,"osteog.1","Larp6",0.05
"111",5.73843440910315e-12,3.65750937664203,0.088,0.005,6.28588105173159e-08,"osteog.1","Fmo1",0.083
"112",0.00107541116331544,3.61961393554015,0.033,0.005,1,"osteog.1","4930469K13Rik",0.028
"113",2.41541437892709e-12,3.61604864106784,0.133,0.019,2.64584491067673e-08,"osteog.1","Gabrg3",0.114
"114",0.000193045379174146,3.60093544470524,0.039,0.005,1,"osteog.1","Tmem178",0.034
"115",1.50210939357414e-28,3.59143144305538,0.293,0.037,1.64541062972112e-24,"osteog.1","Esr1",0.256
"116",1.62455509788879e-19,3.59069793081154,0.204,0.027,1.77953765422738e-15,"osteog.1","Igf1",0.177
"117",0.00339506199230856,3.58474811543033,0.022,0.003,1,"osteog.1","Pld4",0.019
"118",1.82055212504596e-31,3.5250791457773,0.365,0.06,1.99423279777535e-27,"osteog.1","Mmp13",0.305
"119",0.00106236093562602,3.52188341063222,0.033,0.005,1,"osteog.1","Poln",0.028
"120",0.000322055281115342,3.51647416943206,0.033,0.004,1,"osteog.1","Ccn5",0.029
"121",1.68278353814434e-06,3.32526218613682,0.072,0.012,0.0184332108768331,"osteog.1","Akap17b",0.06
"122",1.52790488018825e-15,3.2724508459957,0.166,0.023,1.67366700575821e-11,"osteog.1","Ccbe1",0.143
"123",0.0058377103566223,3.23112750476236,0.028,0.005,1,"osteog.1","Aldh1a2",0.023
"124",0.000495919402284548,3.21142293902554,0.028,0.003,1,"osteog.1","Mterf4",0.025
"125",0.000495919402284548,3.16623277985603,0.028,0.003,1,"osteog.1","Gadd45a",0.025
"126",0.00577311019074442,3.14479228166245,0.028,0.005,1,"osteog.1","Tmem14c",0.023
"127",5.20126352025878e-06,3.13057850494253,0.05,0.005,0.0569746406009146,"osteog.1","Cnnm1",0.045
"128",9.75790505697133e-17,3.11912634669176,0.193,0.029,1.06888091994064e-12,"osteog.1","Bmp6",0.164
"129",0.000195582884791448,3.10045858702276,0.039,0.005,1,"osteog.1","Nek4",0.034
"130",0.0058377103566223,3.02792902599901,0.028,0.005,1,"osteog.1","Grhpr",0.023
"131",4.79395902125505e-15,3.02624672975419,0.177,0.028,5.25130271188278e-11,"osteog.1","Syt6",0.149
"132",6.00480017968425e-19,2.97594792755691,0.287,0.064,6.57765811682612e-15,"osteog.1","Dcc",0.223
"133",0.000331176127162973,2.96637000568709,0.033,0.004,1,"osteog.1","Plbd1",0.029
"134",0.0020137782494443,2.93182693335858,0.028,0.004,1,"osteog.1","Ermp1",0.024
"135",1.58981912363841e-21,2.92598705738834,0.304,0.064,1.74148786803351e-17,"osteog.1","Mme",0.24
"136",1.89115264943298e-34,2.91884551018866,0.481,0.112,2.07156861218889e-30,"osteog.1","Vcan",0.369
"137",3.29196061338285e-11,2.9055604058524,0.155,0.031,3.60601365589958e-07,"osteog.1","Rcan2",0.124
"138",2.80170187770206e-14,2.8960231580592,0.182,0.032,3.06898423683483e-10,"osteog.1","Fam189a1",0.15
"139",0.00115687749388593,2.88214911331434,0.033,0.005,1,"osteog.1","Gm6249",0.028
"140",2.04798249420888e-14,2.87675836658441,0.177,0.029,2.2433600241564e-10,"osteog.1","Notch3",0.148
"141",1.47440796538093e-10,2.86269022748992,0.094,0.009,1.61506648527827e-06,"osteog.1","Ggt5",0.085
"142",0.000314626861718437,2.83589496115946,0.044,0.008,1,"osteog.1","Abca8a",0.036
"143",0.00596886919570675,2.83082090271673,0.028,0.005,1,"osteog.1","Slc41a1",0.023
"144",8.64262194247719e-13,2.80820944374586,0.155,0.025,9.46712807578952e-09,"osteog.1","Lpl",0.13
"145",5.32145519132784e-18,2.80444773835756,0.287,0.068,5.82912201658051e-14,"osteog.1","Sema3a",0.219
"146",3.33928416057333e-17,2.75544632231721,0.243,0.049,3.65785186949202e-13,"osteog.1","Pdgfrb",0.194
"147",1.13682534044554e-21,2.74136325346629,0.315,0.068,1.24527847792405e-17,"osteog.1","Sorcs3",0.247
"148",0.00300516306771721,2.74044022095746,0.033,0.007,1,"osteog.1","Gm30835",0.026
"149",7.83707632716041e-19,2.73018054921148,0.315,0.08,8.58473340877152e-15,"osteog.1","Angpt1",0.235
"150",3.13606545999712e-30,2.67302717441011,0.442,0.1,3.43524610488085e-26,"osteog.1","Cp",0.342
"151",0.00238473657504101,8.42455116740061,0.098,0.028,1,"osteog.2","Hbb-bs",0.07
"152",1.43029076684901e-07,8.25642915656396,0.082,0.007,0.0015667405060064,"osteog.2","Hbb-bt",0.075
"153",1.56452108699874e-20,7.91348970338962,0.115,0.001,1.71377639869842e-16,"osteog.2","Car2",0.114
"154",0.000747904008714852,7.56778893067636,0.115,0.031,1,"osteog.2","Hba-a1",0.084
"155",6.75368536217714e-16,6.31623133032708,0.131,0.006,7.39798694572884e-12,"osteog.2","Hist1h2ap",0.125
"156",3.28728620399176e-16,6.06603934066427,0.115,0.003,3.60089330785257e-12,"osteog.2","Depdc1b",0.112
"157",6.44504538800077e-44,5.62143957985179,0.311,0.008,7.05990271801604e-40,"osteog.2","Kif20b",0.303
"158",7.68555149845916e-38,5.59273055777615,0.246,0.005,8.41875311141216e-34,"osteog.2","Hmmr",0.241
"159",2.67467139828969e-14,5.57725234792114,0.082,0.001,2.92983504968652e-10,"osteog.2","Dmtn",0.081
"160",6.86354759634017e-47,5.54483442496338,0.328,0.008,7.51833003703103e-43,"osteog.2","Neil3",0.32
"161",4.473477987481e-18,5.45003688992993,0.115,0.002,4.90024778748669e-14,"osteog.2","Aurkb",0.113
"162",1.1237230898966e-45,5.39230918467645,0.311,0.007,1.23092627267274e-41,"osteog.2","Prc1",0.304
"163",1.60644854723903e-64,5.25397924955899,0.475,0.014,1.75970373864564e-60,"osteog.2","Cenpe",0.461
"164",6.36222752506382e-22,5.17674284666982,0.148,0.003,6.9691840309549e-18,"osteog.2","Ankle1",0.145
"165",2.65007489113915e-17,5.01025892510312,0.148,0.007,2.90289203575383e-13,"osteog.2","Pkmyt1",0.141
"166",3.49827362637277e-20,4.93575955290924,0.148,0.005,3.83200893032873e-16,"osteog.2","Knstrn",0.143
"167",6.62077856138117e-16,4.90062874654543,0.131,0.006,7.25240083613693e-12,"osteog.2","Kifc1",0.125
"168",1.57471585824428e-14,4.89874087023663,0.115,0.005,1.72494375112079e-10,"osteog.2","Espl1",0.11
"169",3.8705742320948e-32,4.82122104667483,0.246,0.008,4.23982701383665e-28,"osteog.2","Spag5",0.238
"170",2.41116234282181e-09,4.76588862579443,0.082,0.005,2.64118723032701e-05,"osteog.2","Lmo2",0.077
"171",2.23746097267446e-29,4.74416471590697,0.279,0.015,2.45091474946761e-25,"osteog.2","Cenpf",0.264
"172",9.57098823312023e-30,4.72955969471668,0.213,0.006,1.04840605105599e-25,"osteog.2","Kif14",0.207
"173",4.68951232383363e-15,4.68812837520481,0.098,0.002,5.13689179952735e-11,"osteog.2","Birc5",0.096
"174",1.58228068392541e-18,4.65824010369694,0.148,0.006,1.73323026117189e-14,"osteog.2","Mis18bp1",0.142
"175",1.24133936328045e-14,4.65264269183585,0.131,0.007,1.35976313853741e-10,"osteog.2","Rrm2",0.124
"176",7.45867811220714e-16,4.61806639308519,0.131,0.006,8.1702360041117e-12,"osteog.2","Dlgap5",0.125
"177",6.14779429724676e-27,4.60086926685121,0.197,0.006,6.7342938732041e-23,"osteog.2","Ncapg",0.191
"178",8.00215651605224e-24,4.58277742266329,0.197,0.008,8.76556224768363e-20,"osteog.2","Kif4",0.189
"179",9.14021138969141e-11,4.55775033118855,0.098,0.006,1.0012187556268e-06,"osteog.2","Cenph",0.092
"180",3.24560194590294e-25,4.53738553061082,0.23,0.012,3.55523237154208e-21,"osteog.2","Ccnf",0.218
"181",5.29531004875723e-62,4.52847257314002,0.607,0.037,5.80048262740867e-58,"osteog.2","Mki67",0.57
"182",4.71683364781053e-67,4.5112077052831,0.59,0.028,5.16681957781165e-63,"osteog.2","Top2a",0.562
"183",3.14938712743916e-21,4.50076576228252,0.164,0.006,3.44983865939685e-17,"osteog.2","Arhgap11a",0.158
"184",0.00102630813215516,4.48632784846247,0.049,0.007,1,"osteog.2","Gpx1",0.042
"185",1.65272610712706e-38,4.4643264658712,0.311,0.012,1.81039617774698e-34,"osteog.2","Aspm",0.299
"186",5.57434720523902e-16,4.45565065707632,0.148,0.008,6.10613992861882e-12,"osteog.2","Cdca2",0.14
"187",1.43385170847924e-10,4.4537680711152,0.082,0.003,1.57064116146816e-06,"osteog.2","Cdca3",0.079
"188",5.63525555317328e-15,4.43813659622181,0.148,0.009,6.17285893294601e-11,"osteog.2","Cdca8",0.139
"189",4.45859338251277e-29,4.37033803517411,0.246,0.01,4.88394319120449e-25,"osteog.2","Nusap1",0.236
"190",3.98972970094823e-29,4.35814832077253,0.23,0.008,4.37034991441869e-25,"osteog.2","Kif23",0.222
"191",1.15739846909034e-34,4.31109198692398,0.311,0.015,1.26781428304155e-30,"osteog.2","Tpx2",0.296
"192",1.57471585824428e-14,4.28107982401065,0.115,0.005,1.72494375112079e-10,"osteog.2","Exo1",0.11
"193",2.49858811036524e-09,4.25188807160982,0.082,0.005,2.73695341609408e-05,"osteog.2","Apobec1",0.077
"194",7.26011591378047e-50,4.23793301010031,0.377,0.012,7.95273097195513e-46,"osteog.2","Kif15",0.365
"195",1.85088398199551e-18,4.19132563421894,0.164,0.008,2.02745831387788e-14,"osteog.2","Ncaph",0.156
"196",7.42941998786488e-16,4.1804207904352,0.148,0.008,8.13818665470718e-12,"osteog.2","Hist1h1b",0.14
"197",1.49236411611404e-10,4.17094615072316,0.148,0.016,1.63473565279132e-06,"osteog.2","Ank1",0.132
"198",1.65546095119362e-13,4.17052069500597,0.131,0.008,1.81339192593749e-09,"osteog.2","Sgo1",0.123
"199",5.21316942467582e-18,4.12546819228331,0.115,0.002,5.7105057877899e-14,"osteog.2","Cdkn3",0.113
"200",1.38325364726704e-12,4.11919717763454,0.131,0.009,1.51521604521632e-08,"osteog.2","Dtl",0.122
"201",0.000556890858862379,3.9125782393983,0.033,0.004,1,"osteog.3","Bfsp1",0.029
"202",0.00743901646651448,3.8314591773539,0.024,0.004,1,"osteog.3","Gm6213",0.02
"203",0.00139179688776503,3.29667509099519,0.041,0.007,1,"osteog.3","Kctd18",0.034
"204",0.00141047846641475,3.20330315363689,0.041,0.007,1,"osteog.3","Rab7b",0.034
"205",2.79048729145795e-05,3.13021651823826,0.065,0.011,0.305669977906303,"osteog.3","Suclg1",0.054
"206",0.000587452064328176,3.09463323025733,0.033,0.004,1,"osteog.3","Xirp2",0.029
"207",0.00526544929447523,3.08288158217198,0.033,0.006,1,"osteog.3","Gm42303",0.027
"208",0.000887595125404039,2.83706648046337,0.049,0.01,1,"osteog.3","Polr2c",0.039
"209",0.00324059949980895,2.75468323001329,0.041,0.009,1,"osteog.3","Wfs1",0.032
"210",2.93851968276542e-13,2.63711097549212,0.268,0.069,3.21885446050124e-09,"osteog.3","Bglap",0.199
"211",3.97923333593601e-05,2.6224906773534,0.106,0.03,0.43588521961843,"osteog.3","Bglap2",0.076
"212",0.000546387655817442,2.61762307374419,0.057,0.012,1,"osteog.3","Kat5",0.045
"213",0.000955116902819928,2.53962708597234,0.049,0.01,1,"osteog.3","Crtap",0.039
"214",0.00603897380579282,2.5144767344397,0.049,0.014,1,"osteog.3","Gsg1l",0.035
"215",0.00262073394433089,2.49408326960922,0.065,0.02,1,"osteog.3","Habp4",0.045
"216",0.0097969019749924,2.47096235047068,0.049,0.015,1,"osteog.3","Smim4",0.034
"217",0.00992629228403445,2.40581596779095,0.049,0.015,1,"osteog.3","Ano8",0.034
"218",2.70930700749898e-05,2.40550936019814,0.098,0.025,0.296777489601438,"osteog.3","Sema3b",0.073
"219",0.00312819346828456,2.39772617897123,0.073,0.025,1,"osteog.3","Dlx3",0.048
"220",0.00992629228403445,2.35923921918218,0.049,0.015,1,"osteog.3","Jtb",0.034
"221",0.00775867936913847,2.28059878857111,0.057,0.019,1,"osteog.3","Cox7a2l",0.038
"222",0.000330959693319199,2.25505930078075,0.122,0.046,1,"osteog.3","Copb2",0.076
"223",0.000373081501518828,2.09414728578844,0.106,0.036,1,"osteog.3","Aldh1l2",0.07
"224",0.00442297988108674,2.07281039206687,0.089,0.036,1,"osteog.3","Git1",0.053
"225",0.000416061299630824,1.98976861323357,0.138,0.057,1,"osteog.3","Tcf7",0.081
"226",0.0055374625674867,1.97978346737898,0.057,0.017,1,"osteog.3","Sra1",0.04
"227",9.09507784775976e-10,1.97772774588899,0.358,0.156,9.96274827443605e-06,"osteog.3","Ano1",0.202
"228",0.00524853727455728,1.97322659264197,0.081,0.031,1,"osteog.3","Slc35e2",0.05
"229",0.00112413787004204,1.9364636159608,0.122,0.051,1,"osteog.3","Lpar3",0.071
"230",0.000331461210105786,1.93601148048353,0.13,0.051,1,"osteog.3","Gpr153",0.079
"231",5.05845825294419e-05,1.90941529234025,0.171,0.069,0.554103517027507,"osteog.3","Pura",0.102
"232",0.006856647643701,1.87185730374128,0.049,0.014,1,"osteog.3","Pogk",0.035
"233",6.29546852589116e-06,1.84034723001116,0.22,0.094,0.0689605622326118,"osteog.3","Unc5b",0.126
"234",0.00641201173448046,1.8371142494197,0.106,0.048,1,"osteog.3","P3h1",0.058
"235",1.28242117482228e-12,1.83639906369554,0.374,0.133,1.40476415490032e-08,"osteog.3","Ranbp3l",0.241
"236",8.56400030004626e-05,1.82379492944175,0.163,0.066,0.938100592867067,"osteog.3","Azin1",0.097
"237",2.29156673048865e-44,1.81211507544342,0.984,0.704,2.51018219657726e-40,"osteog.3","Col1a1",0.28
"238",1.49115983834274e-05,1.8080757605241,0.22,0.098,0.163341648692064,"osteog.3","Tent5a",0.122
"239",0.00747113362940186,1.80697254718635,0.089,0.038,1,"osteog.3","Car3",0.051
"240",2.28974369762302e-07,1.79940241685463,0.26,0.108,0.00250818524637626,"osteog.3","Adgrd1",0.152
"241",0.00244964953977221,1.79682529246823,0.098,0.038,1,"osteog.3","Camk2a",0.06
"242",4.33323593507004e-26,1.79314684379065,0.691,0.25,4.74662664327572e-22,"osteog.3","Smpd3",0.441
"243",0.00102122655223107,1.76170009803644,0.13,0.056,1,"osteog.3","Cir1",0.074
"244",0.000274614548462799,1.74525637323298,0.171,0.078,1,"osteog.3","Sybu",0.093
"245",6.31335755562252e-05,1.7029719067791,0.195,0.088,0.691565186642891,"osteog.3","Rcor2",0.107
"246",4.75239267228157e-07,1.68921833898607,0.252,0.104,0.00520577093321723,"osteog.3","Tbx2",0.148
"247",0.00406703801123561,1.67677096721273,0.138,0.069,1,"osteog.3","Tango6",0.069
"248",0.000873995240251571,1.65664454665888,0.171,0.084,1,"osteog.3","Pard6g",0.087
"249",6.18904900897164e-07,1.62461723642224,0.301,0.144,0.00677948428442754,"osteog.3","Insc",0.157
"250",0.00349028553649812,1.60316958242614,0.154,0.082,1,"osteog.3","Wipi1",0.072
"251",1.34895016701803e-09,4.72383445888057,0.062,0.003,1.47764001295155e-05,"osteog.4","Tdrp",0.059
"252",2.7440956524001e-11,4.02397439026883,0.089,0.006,3.00588237763906e-07,"osteog.4","Ackr3",0.083
"253",0.00110440852699828,4.00898708701291,0.021,0.001,1,"osteog.4","Msantd1",0.02
"254",2.41935458790763e-05,3.66635981909509,0.041,0.004,0.265016101559402,"osteog.4","Serp1",0.037
"255",4.80199618950281e-05,3.65672832504189,0.034,0.003,0.526010662598138,"osteog.4","Fut11",0.031
"256",0.00025761770501638,3.45894985861925,0.034,0.004,1,"osteog.4","Commd9",0.03
"257",1.36905652005598e-11,3.30120854652492,0.13,0.018,1.49966451206932e-07,"osteog.4","Pdpn",0.112
"258",0.000587327548143154,3.28276224301103,0.027,0.003,1,"osteog.4","Tg",0.024
"259",3.24425950486554e-45,3.27316029906465,0.623,0.126,3.55376186162971e-41,"osteog.4","Phex",0.497
"260",1.38130413922782e-56,3.22581873589046,0.61,0.084,1.51308055411015e-52,"osteog.4","Lipc",0.526
"261",1.93115193345601e-05,3.21027327519526,0.062,0.01,0.211538382790771,"osteog.4","Tent5c",0.052
"262",0.0005925972400646,3.18523542866048,0.027,0.003,1,"osteog.4","Grcc10",0.024
"263",0.00627901884004269,3.17353999856096,0.021,0.003,1,"osteog.4","Gm45250",0.018
"264",7.39739479527592e-09,3.13446845022669,0.144,0.032,8.10310625874525e-05,"osteog.4","Dmp1",0.112
"265",2.5977766845737e-09,3.06032693405016,0.11,0.017,2.84560458028203e-05,"osteog.4","Pdgfrl",0.093
"266",3.41388529705425e-07,3.01934767328375,0.075,0.01,0.00373956995439322,"osteog.4","Gabrb2",0.065
"267",4.33167356799899e-05,2.99482679699875,0.048,0.006,0.474491522638609,"osteog.4","Egr3",0.042
"268",2.46700130880794e-09,2.9857506005836,0.103,0.014,2.70235323366821e-05,"osteog.4","Bmp4",0.089
"269",7.03648923770452e-10,2.98548300952585,0.103,0.013,7.70777031098154e-06,"osteog.4","Gm28055",0.09
"270",2.44930891565262e-09,2.94336330010547,0.103,0.014,2.68297298620588e-05,"osteog.4","Gngt2",0.089
"271",5.12044419843467e-05,2.91885033017183,0.055,0.009,0.560893457496534,"osteog.4","Csdc2",0.046
"272",5.13356084390347e-07,2.91492165170288,0.062,0.006,0.00562330254841186,"osteog.4","Abcd2",0.056
"273",0.00736035190033455,2.87695822040531,0.027,0.005,1,"osteog.4","Leng1",0.022
"274",5.02842243892673e-23,2.85354558409616,0.37,0.079,5.50813393960034e-19,"osteog.4","Mamdc2",0.291
"275",5.3184327999376e-08,2.8296826536808,0.068,0.006,0.000582581128905165,"osteog.4","Dkk1",0.062
"276",0.000953366614918347,2.81338231701993,0.034,0.005,1,"osteog.4","Stradb",0.029
"277",0.00726860744367972,2.8024522403623,0.027,0.005,1,"osteog.4","Serpine1",0.022
"278",0.000113717605889729,2.7820323678886,0.041,0.005,1,"osteog.4","Fxyd1",0.036
"279",2.1473355874857e-06,2.75092763682507,0.062,0.008,0.0235219140253183,"osteog.4","Slc2a10",0.054
"280",2.56329676526059e-57,2.7442820092449,0.849,0.223,2.80783527666644e-53,"osteog.4","Col24a1",0.626
"281",3.67977239931929e-13,2.70496062215794,0.151,0.02,4.03082268621435e-09,"osteog.4","Jam2",0.131
"282",0.000114594811900295,2.67935275765076,0.041,0.005,1,"osteog.4","Ccdc116",0.036
"283",0.000994547112920954,2.64481327296908,0.034,0.005,1,"osteog.4","Mtif3",0.029
"284",0.000114594811900295,2.63587764785826,0.041,0.005,1,"osteog.4","Myrip",0.036
"285",3.17463748758965e-09,2.63206004951837,0.116,0.019,3.4774979039057e-05,"osteog.4","Loxl4",0.097
"286",4.0009996486273e-34,2.62546765758436,0.575,0.136,4.38269501510635e-30,"osteog.4","Ptprz1",0.439
"287",9.38144472348021e-50,2.62215370269047,0.699,0.147,1.02764345501002e-45,"osteog.4","Col22a1",0.552
"288",0.00011198216008693,2.6155785783558,0.041,0.005,1,"osteog.4","Gm26935",0.036
"289",4.5280953372414e-05,2.6132446392898,0.048,0.006,0.496007563241422,"osteog.4","Gm29453",0.042
"290",6.44576997003372e-06,2.60719808170671,0.082,0.017,0.0706069642517493,"osteog.4","Tmie",0.065
"291",8.72787809125277e-14,2.60643785913687,0.164,0.023,9.56051766115828e-10,"osteog.4","Car3",0.141
"292",5.06834991646196e-06,2.59345745766854,0.055,0.006,0.0555187049849243,"osteog.4","Gm26936",0.049
"293",0.00726860744367972,2.58685737917946,0.027,0.005,1,"osteog.4","Nicn1",0.022
"294",0.00736035190033455,2.55916318811811,0.027,0.005,1,"osteog.4","Yipf2",0.022
"295",1.69614412956621e-28,2.55627298371766,0.377,0.06,1.85795627952682e-24,"osteog.4","Ccn4",0.317
"296",3.66201538297405e-10,2.55333811839534,0.11,0.014,4.01137165050978e-06,"osteog.4","4933434E20Rik",0.096
"297",0.000872256904072474,2.52926591088664,0.048,0.01,1,"osteog.4","Smagp",0.038
"298",0.00459120515286862,2.51003803747347,0.041,0.01,1,"osteog.4","Trmt9b",0.031
"299",0.000143877790676974,2.50946318588708,0.055,0.01,1,"osteog.4","Smdt1",0.045
"300",9.87040896589899e-16,2.50924253895744,0.336,0.094,1.08120459812458e-11,"osteog.4","Rnf150",0.242
"301",1.86415327315137e-15,9.1130455732426,0.074,0,2.04199349541001e-11,"chondro","Fam180a",0.074
"302",4.71077132435111e-20,8.33395886963524,0.111,0.001,5.16017890869421e-16,"chondro","C1qtnf3",0.11
"303",7.70967684383702e-11,7.06410976753327,0.062,0.001,8.44518001473907e-07,"chondro","Gm43154",0.061
"304",2.13785728338863e-15,6.52296669871514,0.086,0.001,2.3418088682239e-11,"chondro","Gm36287",0.085
"305",1.50871418123882e-13,5.63698757857574,0.086,0.002,1.652645514129e-09,"chondro","Meltf",0.084
"306",8.20503161091396e-11,5.62185197668029,0.062,0.001,8.98779162659515e-07,"chondro","Arsi",0.061
"307",1.59808746472318e-13,5.27265043910839,0.086,0.002,1.75054500885777e-09,"chondro","9530059O14Rik",0.084
"308",2.02489721991923e-76,5.24495608057016,0.593,0.027,2.21807241469953e-72,"chondro","Col9a1",0.566
"309",1.4515433843307e-08,5.1558691056945,0.049,0.001,0.000159002062319585,"chondro","Cytl1",0.048
"310",4.54672762766961e-05,5.10455456644123,0.037,0.002,0.49804854433493,"chondro","Dgat2",0.035
"311",5.82645546027519e-08,5.00532147086042,0.062,0.004,0.000638229931118545,"chondro","Ak4",0.058
"312",1.99806390540311e-31,4.94151852429564,0.259,0.013,2.18867920197856e-27,"chondro","Cnmd",0.246
"313",2.16129623605676e-55,4.89904846200158,0.494,0.031,2.36748389697657e-51,"chondro","Kcnd2",0.463
"314",5.38980588055971e-22,4.89502203840326,0.16,0.006,5.90399336156511e-18,"chondro","Hs3st3b1",0.154
"315",6.43076084595258e-22,4.87652511527305,0.16,0.006,7.04425543065646e-18,"chondro","Sim2",0.154
"316",3.74048104736016e-19,4.83081114135194,0.136,0.005,4.09732293927832e-15,"chondro","Slc1a1",0.131
"317",6.06879799918689e-52,4.77714932156362,0.432,0.022,6.64776132830932e-48,"chondro","Col9a3",0.41
"318",5.58373022057788e-22,4.73270450326977,0.16,0.006,6.11641808362101e-18,"chondro","Corin",0.154
"319",1.95458233682111e-22,4.70658986179207,0.185,0.009,2.14104949175385e-18,"chondro","Zfp385c",0.176
"320",1.24813097823701e-21,4.69871930760529,0.173,0.008,1.36720267356082e-17,"chondro","Ninj2",0.165
"321",1.74999869067537e-91,4.67292423431322,0.877,0.075,1.91694856576581e-87,"chondro","Col2a1",0.802
"322",8.53025715589588e-56,4.63657903711158,0.568,0.048,9.34404368856835e-52,"chondro","Acan",0.52
"323",2.76047106558565e-25,4.59237382472122,0.222,0.013,3.02382000524252e-21,"chondro","Col9a2",0.209
"324",1.07162839038217e-12,4.57627196453761,0.111,0.007,1.17386173882463e-08,"chondro","Lmcd1",0.104
"325",1.49162249398853e-23,4.56712107401502,0.185,0.008,1.63392327991503e-19,"chondro","Stk32b",0.177
"326",1.00051446113585e-58,4.55133822481017,0.531,0.034,1.09596354072821e-54,"chondro","Lama2",0.497
"327",5.24115223058074e-13,4.54203791824959,0.136,0.012,5.74115815337814e-09,"chondro","Comp",0.124
"328",1.25585246544308e-41,4.54013003510228,0.321,0.013,1.37566079064634e-37,"chondro","Prdm6",0.308
"329",9.4489444839864e-18,4.49811996371167,0.136,0.006,1.03503737877587e-13,"chondro","S100b",0.13
"330",4.48036736490977e-05,4.36970521245881,0.037,0.002,0.490779441152216,"chondro","Pla2g7",0.035
"331",2.35986635211634e-23,4.36540987448681,0.21,0.013,2.58499760210824e-19,"chondro","B830012L14Rik",0.197
"332",4.96277083120606e-06,4.29914242122081,0.049,0.004,0.0543621916850312,"chondro","Il16",0.045
"333",8.34482969664502e-11,4.26504096639384,0.086,0.005,9.14092644970495e-07,"chondro","Ncmap",0.081
"334",4.42352268447372e-07,4.21126037538002,0.049,0.002,0.00484552674857251,"chondro","Dhx58os",0.047
"335",2.7964816773952e-11,4.17625388083649,0.074,0.002,3.06326602941871e-07,"chondro","C4b",0.072
"336",1.44207985150001e-35,4.17065293817121,0.272,0.011,1.57965426933311e-31,"chondro","Zim1",0.261
"337",3.22062290027361e-50,4.15881646078298,0.469,0.031,3.52787032495971e-46,"chondro","Rian",0.438
"338",5.98977034501331e-33,4.1310175335697,0.309,0.02,6.56119443592758e-29,"chondro","Hapln1",0.289
"339",3.35914057218373e-08,4.12305845026571,0.086,0.008,0.000367960258277006,"chondro","Slc27a6",0.078
"340",2.96036897408556e-07,4.12089008580085,0.074,0.007,0.00324278817421333,"chondro","Fads1",0.067
"341",4.96277083120606e-06,4.09483555493383,0.049,0.004,0.0543621916850312,"chondro","Ecm2",0.045
"342",5.28601630779181e-30,4.06780996371724,0.272,0.016,5.79030226355514e-26,"chondro","Ifitm10",0.256
"343",3.8642115995236e-25,4.06237494244513,0.21,0.011,4.23285738611815e-21,"chondro","Susd5",0.199
"344",4.56901719476422e-27,4.06165402827939,0.259,0.018,5.00490143514473e-23,"chondro","Hs3st3a1",0.241
"345",0.00333253472201178,4.05593075003176,0.025,0.002,1,"chondro","Matn3",0.023
"346",2.17190867179878e-17,4.01854094731891,0.16,0.011,2.37910875908838e-13,"chondro","Mirg",0.149
"347",4.61401931030093e-05,3.98628272998751,0.037,0.002,0.505419675250363,"chondro","Snorc",0.035
"348",2.49696029723406e-33,3.93260157520726,0.444,0.057,2.73517030959019e-29,"chondro","Papss2",0.387
"349",7.63332746055708e-09,3.89865627130087,0.074,0.005,8.36154690029422e-05,"chondro","Il17d",0.069
"350",1.60327106714444e-16,3.88742309273599,0.136,0.007,1.75622312695002e-12,"chondro","Gfpt2",0.129
"351",9.34324229547676e-53,11.4190131750405,0.258,0,1.02345876104652e-48,"hemato","Plcb2",0.258
"352",2.46742421106589e-46,11.1414541018104,0.226,0,2.70281648080158e-42,"hemato","Dcstamp",0.226
"353",5.66101403801167e-109,9.23644327631397,0.806,0.014,6.20107477723799e-105,"hemato","Ttn",0.792
"354",6.22961436207318e-28,8.83819878545137,0.161,0.001,6.82391957221496e-24,"hemato","Clec12a",0.16
"355",5.73476848567363e-80,8.7826899448521,0.452,0.002,6.2818653992069e-76,"hemato","Mst1r",0.45
"356",3.9827808775628e-111,8.71354333104289,0.581,0.001,4.36273817328229e-107,"hemato","Cd84",0.58
"357",6.22961436207318e-28,8.06552618017071,0.161,0.001,6.82391957221496e-24,"hemato","Gm44993",0.16
"358",1.20130160811302e-121,8.06436113948578,0.71,0.004,1.31590578152701e-117,"hemato","Csf1r",0.706
"359",3.58732477312123e-34,7.84900572691743,0.194,0.001,3.92955555647699e-30,"hemato","Nckap1l",0.193
"360",3.98285066545777e-137,7.75122363690961,0.871,0.009,4.36281461894245e-133,"hemato","St18",0.862
"361",4.70898780800429e-130,7.72779104989708,0.903,0.013,5.1582252448879e-126,"hemato","Slc9b2",0.89
"362",3.79290951039131e-34,7.64936462366792,0.194,0.001,4.15475307768265e-30,"hemato","Nfam1",0.193
"363",9.81157587523073e-22,7.44105031323217,0.129,0.001,1.07476002137277e-17,"hemato","Bdh2",0.128
"364",9.85067295390575e-71,7.38141572467432,0.452,0.004,1.07904271537084e-66,"hemato","Cyth4",0.448
"365",8.54066541956173e-36,7.18853983278898,0.226,0.002,9.35544490058792e-32,"hemato","Pik3ap1",0.224
"366",4.64108251127451e-96,7.16057481472643,0.677,0.01,5.08384178285009e-92,"hemato","Nyap2",0.667
"367",1.16575875834809e-120,7.15721253402414,0.806,0.01,1.2769721438945e-116,"hemato","Atp6v0d2",0.796
"368",6.04857360224896e-42,7.13312086274671,0.258,0.002,6.62560752390351e-38,"hemato","Esyt3",0.256
"369",7.73535371601464e-28,7.11298549449151,0.161,0.001,8.47330646052244e-24,"hemato","Psd4",0.16
"370",5.61468607582601e-88,7.11129379886449,0.581,0.007,6.15032712745981e-84,"hemato","Gpr137b",0.574
"371",5.01284223929878e-109,6.95138222501465,0.839,0.017,5.49106738892788e-105,"hemato","Ctsk",0.822
"372",1.22142998414379e-46,6.93176233539123,0.323,0.004,1.33795440463111e-42,"hemato","Siglec15",0.319
"373",3.78373656286607e-44,6.92934601466581,0.29,0.003,4.1447050309635e-40,"hemato","Hs3st4",0.287
"374",5.48223426984687e-93,6.91252992216932,0.645,0.009,6.00523941919026e-89,"hemato","Slc37a2",0.636
"375",7.94355245507396e-73,6.77839203093875,0.484,0.006,8.70136735928802e-69,"hemato","Oscar",0.478
"376",4.59766465329299e-44,6.74495047953786,0.29,0.003,5.03628186121714e-40,"hemato","Spi1",0.287
"377",1.36554190101307e-12,6.67600205265912,0.097,0.002,1.49581459836972e-08,"hemato","Slc18a1",0.095
"378",1.51021327911598e-90,6.6555260611134,0.871,0.03,1.65428762594364e-86,"hemato","Arsb",0.841
"379",7.79108687188915e-52,6.53492256622403,0.387,0.007,8.53435655946738e-48,"hemato","Matk",0.38
"380",2.22072746555293e-98,6.52630786251305,0.742,0.013,2.43258486576668e-94,"hemato","Tnfrsf11a",0.729
"381",4.73904221252662e-34,6.50339874761088,0.194,0.001,5.19114683960166e-30,"hemato","Tm4sf19",0.193
"382",1.44083023207554e-107,6.42247237708716,1,0.032,1.57828543621555e-103,"hemato","Dgki",0.968
"383",1.46887458906192e-80,6.41101956768181,0.581,0.009,1.60900522485843e-76,"hemato","Dok3",0.572
"384",1.32982093793175e-15,6.33979531111126,0.097,0.001,1.45668585541044e-11,"hemato","Gm44507",0.096
"385",5.55309633272581e-69,6.29585056191273,0.516,0.009,6.08286172286786e-65,"hemato","Rufy4",0.507
"386",2.63508574875784e-58,6.26874600453279,0.387,0.004,2.88647292918933e-54,"hemato","Prdm1",0.383
"387",9.01953552848591e-30,6.19435999195043,0.194,0.002,9.87999921790347e-26,"hemato","Ptpn22",0.192
"388",1.49750907493254e-15,6.15925602200353,0.129,0.003,1.64037144068111e-11,"hemato","Btk",0.126
"389",9.93427162418404e-36,6.09746833537308,0.226,0.002,1.08820011371312e-31,"hemato","Ocstamp",0.224
"390",2.37110753713387e-86,6.09287444138156,0.742,0.019,2.59731119617644e-82,"hemato","Anapc15",0.723
"391",2.29671191525661e-26,5.88744433507135,0.194,0.003,2.51581823197209e-22,"hemato","St8sia6",0.191
"392",3.10512845314798e-65,5.86893120873175,0.581,0.016,3.4013577075783e-61,"hemato","Gsap",0.565
"393",1.51045085668387e-57,5.84701488680297,0.452,0.009,1.65454786841151e-53,"hemato","Syk",0.443
"394",1.94922446693609e-47,5.82530322109337,0.419,0.011,2.13518048108179e-43,"hemato","Pstpip1",0.408
"395",1.02149996240107e-35,5.72940028871091,0.323,0.009,1.11895105881413e-31,"hemato","Mfsd12",0.314
"396",2.07813864314761e-40,5.52245544809891,0.323,0.007,2.27639306970389e-36,"hemato","Ptprc",0.316
"397",4.94199239448443e-37,5.47418459294114,0.355,0.011,5.41345846891824e-33,"hemato","Frrs1",0.344
"398",1.58583548310618e-18,5.44252144079415,0.161,0.004,1.73712418819451e-14,"hemato","Rab38",0.157
"399",4.77140691396352e-53,5.44065616079743,0.484,0.013,5.22659913355564e-49,"hemato","Shtn1",0.471
"400",7.75764237053699e-34,5.42763989564603,0.323,0.01,8.49772145268622e-30,"hemato","Lcp2",0.313
"401",4.03453632987893e-30,10.4925232830103,0.149,0,4.41943109574938e-26,"vasc","Galnt15",0.149
"402",1.21732622750129e-18,9.71805677563306,0.09,0,1.33345914960491e-14,"vasc","Il13ra2",0.09
"403",1.21732622750129e-18,9.32301217992609,0.09,0,1.33345914960491e-14,"vasc","Selp",0.09
"404",1.05931927277659e-38,8.50627069502579,0.209,0.001,1.16037833139948e-34,"vasc","Arhgef15",0.208
"405",3.29792084178026e-27,8.25873029461035,0.149,0.001,3.61254249008609e-23,"vasc","Robo4",0.148
"406",3.88840066880184e-27,7.19605837269092,0.149,0.001,4.25935409260554e-23,"vasc","Gpihbp1",0.148
"407",4.77300650252254e-13,7.05656944651132,0.075,0.001,5.22835132286319e-09,"vasc","Sh2d4b",0.074
"408",3.6807673549761e-27,6.83879672443206,0.149,0.001,4.03191256064082e-23,"vasc","Btnl9",0.148
"409",9.75651082062042e-25,6.46423585148834,0.149,0.002,1.06872819529076e-20,"vasc","Slfn5",0.147
"410",9.06299787282315e-32,6.42760728516935,0.254,0.01,9.92760786989048e-28,"vasc","Stab2",0.244
"411",1.82733856076558e-21,6.38789776376875,0.119,0.001,2.00166665946262e-17,"vasc","Clca3a1",0.118
"412",8.57581580782622e-48,6.38668148217484,0.284,0.003,9.39394863589284e-44,"vasc","Myzap",0.281
"413",1.83894918354861e-36,6.29421919537277,0.224,0.003,2.01438493565915e-32,"vasc","Tie1",0.221
"414",1.05719837357601e-47,6.14496228314325,0.284,0.003,1.15805509841517e-43,"vasc","Ppp1r16b",0.281
"415",6.67236640967365e-84,6.13449125383365,0.567,0.014,7.30891016515652e-80,"vasc","Ptprb",0.553
"416",1.17702348445794e-18,6.09041422278333,0.104,0.001,1.28931152487523e-14,"vasc","Sult1a1",0.103
"417",2.89242023102393e-58,6.04515811212467,0.373,0.007,3.16835712106361e-54,"vasc","Emcn",0.366
"418",4.5493710801042e-81,6.03809206065413,0.567,0.016,4.98338108114614e-77,"vasc","Pecam1",0.551
"419",2.53856165760812e-70,6.02324527356522,0.448,0.008,2.78074043974393e-66,"vasc","Kdr",0.44
"420",1.814675452559e-56,5.98746768203164,0.373,0.008,1.98779549073313e-52,"vasc","Cyyr1",0.365
"421",2.15250637262928e-57,5.98450524425478,0.358,0.006,2.35785548057811e-53,"vasc","Adgrl4",0.352
"422",8.15978655203922e-16,5.85248526614569,0.09,0.001,8.93823018910376e-12,"vasc","Gimap8",0.089
"423",1.13364996338685e-24,5.83865185555233,0.149,0.002,1.24180016989396e-20,"vasc","Bcl6b",0.147
"424",1.6633493163057e-52,5.77598978414206,0.343,0.007,1.82203284108127e-48,"vasc","Cdh5",0.336
"425",1.27754977302772e-31,5.70449418740688,0.209,0.005,1.39942802137456e-27,"vasc","Ccm2l",0.204
"426",3.64813904721656e-35,5.663465647279,0.239,0.006,3.99617151232102e-31,"vasc","Zfp366",0.233
"427",2.84104021618853e-10,5.63540785529002,0.06,0.001,3.11207545281292e-06,"vasc","She",0.059
"428",4.82562596319304e-46,5.62133751831404,0.299,0.006,5.28599068008166e-42,"vasc","Trp53i11",0.293
"429",1.56483459416646e-63,5.59435527127037,0.403,0.007,1.71411981444994e-59,"vasc","Ushbp1",0.396
"430",3.89674439911218e-19,5.44521476001241,0.119,0.002,4.26849381478748e-15,"vasc","Nr5a2",0.117
"431",7.98984242728466e-29,5.37784786061132,0.194,0.005,8.75207339484762e-25,"vasc","Npr1",0.189
"432",3.89674439911218e-19,5.36440917150054,0.119,0.002,4.26849381478748e-15,"vasc","Ccdc85a",0.117
"433",4.17146859767827e-11,5.28541566071707,0.075,0.002,4.56942670189678e-07,"vasc","Slc39a8",0.073
"434",3.87687276995497e-12,5.22889793069333,0.09,0.003,4.24672643220868e-08,"vasc","Sntg2",0.087
"435",2.08882737714135e-16,5.22288898185735,0.104,0.002,2.28810150892064e-12,"vasc","Gm17745",0.102
"436",3.23726682985518e-13,5.22076181991846,0.104,0.005,3.54610208542337e-09,"vasc","Egfem1",0.099
"437",2.84536707957488e-25,5.21089324216626,0.164,0.003,3.11681509896632e-21,"vasc","Cd300lg",0.161
"438",9.9683917228006e-16,5.18251751267494,0.119,0.005,1.09193762931558e-11,"vasc","Aplnr",0.114
"439",4.27808638985231e-12,5.14575638977825,0.09,0.003,4.68621583144422e-08,"vasc","Fzd4",0.087
"440",3.89674632842887e-66,5.13734131789704,0.522,0.021,4.26849592816098e-62,"vasc","Shank3",0.501
"441",1.21633768711003e-62,5.12531955981545,0.537,0.027,1.33237630246033e-58,"vasc","Flt1",0.51
"442",5.88524531903972e-47,5.09399921463648,0.343,0.01,6.44669772247611e-43,"vasc","Tek",0.333
"443",1.11619554334341e-31,5.07908256551011,0.239,0.008,1.22268059817837e-27,"vasc","Rasgrp3",0.231
"444",1.97409747447555e-79,5.06177534775518,0.627,0.025,2.16242637354052e-75,"vasc","Egfl7",0.602
"445",2.91025041509857e-10,5.03000745874139,0.06,0.001,3.18788830469898e-06,"vasc","Arhgap25",0.059
"446",5.2188483745421e-66,5.02762883547724,0.537,0.023,5.71672650947341e-62,"vasc","Adgrf5",0.514
"447",8.14060762706224e-43,5.00052958009694,0.328,0.012,8.91722159468397e-39,"vasc","Fgd5",0.316
"448",8.37279428781966e-16,4.99528195522526,0.09,0.001,9.17155886287765e-12,"vasc","Nos3",0.089
"449",1.21135175961394e-14,4.93736381951493,0.104,0.003,1.32691471748111e-10,"vasc","Gimap6",0.101
"450",2.11318741940884e-16,4.87581728392777,0.104,0.002,2.31478549922044e-12,"vasc","Esam",0.102
"451",8.95156781420865e-74,12.177689185171,0.366,0,9.80554738368415e-70,"epith","Ankrd65",0.366
"452",3.3601379456919e-59,12.0523176703999,0.293,0,3.6806951057109e-55,"epith","Spata18",0.293
"453",2.32501499401828e-54,12.0430967290038,0.268,0,2.54682142444762e-50,"epith","4833428L15Rik",0.268
"454",2.32501499401828e-54,12.0259560597502,0.268,0,2.54682142444762e-50,"epith","Gm21976",0.268
"455",2.32501499401828e-54,11.9457983180063,0.268,0,2.54682142444762e-50,"epith","4833427G06Rik",0.268
"456",2.32501499401828e-54,11.7911593819123,0.268,0,2.54682142444762e-50,"epith","E030044B06Rik",0.268
"457",1.57728743516656e-49,11.7165378005249,0.244,0,1.72776065648145e-45,"epith","Gm49145",0.244
"458",1.57728743516656e-49,11.486287167421,0.244,0,1.72776065648145e-45,"epith","Ankub1",0.244
"459",1.05003913668681e-44,11.3838284105674,0.22,0,1.15021287032673e-40,"epith","Odf3b",0.22
"460",1.05003913668681e-44,11.2779598705836,0.22,0,1.15021287032673e-40,"epith","Iqub",0.22
"461",2.80734550626301e-30,11.0665536627904,0.146,0,3.0751662675605e-26,"epith","Slc25a18",0.146
"462",2.80734550626301e-30,10.9237269205252,0.146,0,3.0751662675605e-26,"epith","Gm36043",0.146
"463",2.80734550626301e-30,10.8901228525755,0.146,0,3.0751662675605e-26,"epith","Gm28729",0.146
"464",1.76510861432909e-25,10.7580195142971,0.122,0,1.93349997613609e-21,"epith","Drc1",0.122
"465",3.84023594555291e-40,10.4490338241799,0.22,0.001,4.20659445475866e-36,"epith","Katnal2",0.219
"466",3.75220607418891e-64,8.79119515770757,0.341,0.001,4.11016653366654e-60,"epith","Cfap97d2",0.34
"467",2.39365121440834e-59,8.77236577968772,0.317,0.001,2.6220055402629e-55,"epith","5430402P08Rik",0.316
"468",3.71580368986758e-89,8.65807194439886,0.488,0.002,4.07029136188095e-85,"epith","Slc23a1",0.486
"469",1.33662317910113e-104,8.32535203587303,0.585,0.003,1.46413703038738e-100,"epith","3300002A11Rik",0.582
"470",3.3461165482888e-21,8.25679140275024,0.122,0.001,3.66533606699555e-17,"epith","Rsph14",0.121
"471",4.51440868058263e-64,8.07624317273647,0.341,0.001,4.94508326871022e-60,"epith","Fam47e",0.34
"472",6.79711727587928e-26,8.05322595900082,0.146,0.001,7.44556226399817e-22,"epith","Gas2l2",0.145
"473",1.68966486642475e-50,8.01801696211231,0.293,0.002,1.85085889468167e-46,"epith","Enkur",0.291
"474",4.15822360678462e-144,7.98099000723096,0.951,0.016,4.55491813887187e-140,"epith","Dnah3",0.935
"475",1.47810277762272e-144,7.97372431305219,0.854,0.008,1.61911378260793e-140,"epith","Dnah5",0.846
"476",8.36962856024814e-46,7.92502147788394,0.268,0.002,9.16809112489581e-42,"epith","Gm867",0.266
"477",9.1879592004907e-147,7.90285877276741,0.976,0.017,1.00644905082175e-142,"epith","Dnah12",0.959
"478",8.81803016872219e-122,7.85138613534674,0.707,0.006,9.65927024681828e-118,"epith","Hydin",0.701
"479",7.15598655355238e-112,7.8463516104632,0.659,0.006,7.83866767076127e-108,"epith","Ccdc17",0.653
"480",1.95137360530742e-114,7.81179811957198,0.732,0.01,2.13753464725375e-110,"epith","Fhad1",0.722
"481",1.68178405613063e-69,7.77575847836817,0.39,0.002,1.84222625508549e-65,"epith","Nek5",0.388
"482",2.55189595012406e-36,7.77529295462475,0.22,0.002,2.7953468237659e-32,"epith","Togaram2",0.218
"483",5.9319438773301e-60,7.74535619560187,0.341,0.002,6.49785132322739e-56,"epith","BC051019",0.339
"484",5.20940977325074e-60,7.74533980797927,0.341,0.002,5.70638746561887e-56,"epith","2010001K21Rik",0.339
"485",3.7932632452241e-27,7.71735162786548,0.171,0.002,4.15514055881848e-23,"epith","Pih1d2",0.169
"486",1.39174787036202e-51,7.70641394659654,0.317,0.003,1.52452061719456e-47,"epith","Dnah7a",0.314
"487",3.6192487237938e-59,7.66377878637312,0.317,0.001,3.96452505204373e-55,"epith","Tsnaxip1",0.316
"488",4.58609105702911e-40,7.64687680696277,0.22,0.001,5.02360414386969e-36,"epith","D630024D03Rik",0.219
"489",5.55539547101927e-107,7.61077662263004,0.634,0.006,6.08538019895451e-103,"epith","Ttc21a",0.628
"490",9.62278927229919e-117,7.56225089363486,0.683,0.006,1.05408033688765e-112,"epith","C230072F16Rik",0.677
"491",7.94017372436588e-90,7.55475494033147,0.512,0.003,8.69766629767039e-86,"epith","Tmem212",0.509
"492",7.37655199159407e-69,7.53481718611781,0.439,0.006,8.08027505159214e-65,"epith","Cfap77",0.433
"493",7.62442098002965e-99,7.52269493893753,0.61,0.007,8.35179074152448e-95,"epith","Ect2l",0.603
"494",1.40811800259358e-70,7.51730274425932,0.415,0.003,1.542452460041e-66,"epith","Ccdc153",0.412
"495",2.58749032622511e-35,7.48972996404969,0.195,0.001,2.83433690334698e-31,"epith","5330413P13Rik",0.194
"496",8.90819974577054e-120,7.48115685081539,0.732,0.008,9.75804200151705e-116,"epith","Vwa3a",0.724
"497",1.04830088946817e-132,7.47473994343526,0.78,0.007,1.14830879432344e-128,"epith","Cfap46",0.773
"498",1.15594818948504e-137,7.46219302945497,0.805,0.007,1.26622564676191e-133,"epith","Ccdc180",0.798
"499",5.33295451132011e-94,7.42279799003344,0.585,0.007,5.84171837170004e-90,"epith","T2",0.578
"500",2.07806829617589e-81,7.42109085419205,0.488,0.004,2.27631601163107e-77,"epith","Dthd1",0.484
